name,phone
Bo Kane,(034667) 386260
Amery Wilcox,(04274) 0251721
Xena Bennett,(082) 02538311
Keith Conway,(07513) 2278459
Veda Russell,(09560) 8265390
Leandra Chapman,(01767) 3062687
Thane Banks,(0909) 61238949
Patrick Robertson,(08729) 3550558
Charles Aguirre,(068) 14328177
Blake Larsen,(007) 12674481
Vaughan Pennington,(033302) 625459
Lois Gibson,(0562) 46728070
Elton Pruitt,(005) 80491662
Jeanette Harding,(0546) 08285621
Leo Jennings,(038867) 617773
Gannon Keith,(036060) 472206
Cynthia Whitney,(0318) 33491288
Jolie Pacheco,(0827) 51734578
Arsenio Baker,(0814) 74378770
Vernon Lynch,(079) 38235723
Rashad Maldonado,(031289) 796633
Shana Blevins,(01591) 3843460
Nolan Sharp,(029) 48814862
Griffin Maxwell,(035775) 878629
Melyssa Ewing,(068) 65827982
Chiquita Tucker,(04906) 6976854
Rhiannon Frederick,(0745) 50244258
Walter Haley,(027) 39579080
Donna Gamble,(0315) 82241865
Channing Beck,(010) 34315242
Emmanuel Turner,(09457) 3681025
Gretchen Lane,(0802) 42486446
Inez Horton,(096) 86567721
Damon Watson,(0252) 54567572
Quinn Rhodes,(04206) 5619201
Raphael Little,(042) 09117731
Clare Key,(031339) 876110
Clio Crosby,(072) 14715831
Jason Valencia,(033) 42135267
Hedy Hutchinson,(032798) 752291
Garth Perkins,(06102) 8714416
Amela Vincent,(085) 55569875
Colby Burgess,(01788) 5116132
Yardley Sutton,(032) 22579127
Wyoming Todd,(070) 52019415
Keiko Gilliam,(03547) 8764846
Brenden Silva,(0507) 32732934
Justina Guerrero,(032817) 368893
Angelica Hebert,(09126) 3161630
Cedric Peterson,(06136) 3327011
Tatiana West,(034742) 451170
Adria Hansen,(0380) 23282135
Victoria Berg,(0522) 71656840
Lance Kaufman,(037135) 663866
Chantale Mccoy,(0769) 11248315
Stephen Meyers,(0918) 54884581
Graiden Meyer,(0679) 03600120
Sebastian Castillo,(01282) 8545724
Kathleen Blackburn,(035251) 689131
Tate Bush,(094) 73873957
Rhiannon Page,(08283) 6895725
Garrett Montgomery,(0863) 76754336
Reuben Franklin,(018) 31835544
Valentine Edwards,(076) 34445230
Zenaida Schroeder,(033) 46337956
Geraldine Doyle,(037331) 254137
Marsden Washington,(05808) 7036428
Bruce Dudley,(0044) 11662867
Chastity Wolfe,(031146) 918331
Summer Cooley,(0523) 22714585
Driscoll Gomez,(038086) 930422
Nevada Richmond,(0047) 96164771
Clare Huffman,(05556) 1138624
Holmes Coffey,(031297) 149844
Indigo Baldwin,(007) 24211262
Carter Cabrera,(05415) 9864628
Nyssa Howe,(090) 41737944
Margaret Byers,(038427) 675460
Basia Armstrong,(039284) 286142
Germane Valenzuela,(05146) 0724028
Farrah Ochoa,(043) 60431459
Ursa Patterson,(0669) 88408134
Hashim Quinn,(0877) 57454486
Rudyard Maxwell,(09150) 4086648
Penelope Alvarado,(08477) 2124230
Mollie Cline,(067) 28603640
Maggie Frost,(0845) 78956153
Gwendolyn Strickland,(0038) 65417278
Joshua Foster,(037739) 814616
Claudia Hogan,(036428) 907813
Abbot Parker,(04822) 4865251
Charde Carpenter,(036571) 360977
Ralph Higgins,(031942) 574853
Minerva Henderson,(096) 66702162
Brynn Blackburn,(0323) 17026841
Wanda Logan,(06645) 4132446
Lee Hatfield,(081) 95841953
Aimee Boyd,(037247) 423413
Forrest Middleton,(07641) 6614822
Whoopi Lyons,(080) 03163689
Aaron Riddle,(037549) 688538
Chadwick Fisher,(022) 11451607
Basil Rivers,(08738) 5351376
Simon Key,(0535) 55245092
Justin Klein,(036768) 420391
Megan Briggs,(038447) 478335
Aphrodite Roberts,(043) 45018914
Guy Salas,(08330) 1633543
Jin Ewing,(0230) 94692468
Sylvia Bryant,(037374) 821720
Kaye Mitchell,(0239) 58927887
Jameson Elliott,(01426) 1276030
Lucas Campbell,(033610) 799467
Vera Wood,(065) 91196217
Timothy Ellis,(01446) 8683799
Irene Morse,(0364) 42243608
Wade Tyler,(037725) 870955
Medge Patel,(0427) 55563146
Shafira Mcmillan,(0501) 32166852
Summer Warren,(065) 93337853
Vladimir Rosario,(079) 75049224
Rigel Daugherty,(034245) 276947
Kyra Andrews,(039627) 563137
Ishmael Bishop,(0127) 04446887
Cooper Barr,(07874) 9815129
Desirae Oneal,(0888) 81551793
Joseph Oneal,(073) 26563858
Iona Valenzuela,(02822) 1438757
Winter Porter,(0562) 38987695
Aileen Dunlap,(046) 08999847
Wang Griffin,(09168) 3779557
Damian Mccall,(00671) 4568489
Marcia Roberts,(081) 68211961
Mohammad Wallace,(034712) 151576
Honorato Drake,(03617) 9146031
Serena Nelson,(08002) 6265421
Zachary Franco,(038308) 285019
Madison Rhodes,(039280) 899619
Nola Goodman,(039964) 622457
Lacy Soto,(038195) 678675
Quentin Tyler,(082) 21547629
Hermione Phillips,(088) 88484615
Joan Rodgers,(072) 14827433
Kirestin Flynn,(04164) 4638050
Elvis Gaines,(057) 53498535
Pandora Morin,(0488) 11138351
Kennan Rodriguez,(04748) 7749378
Risa Clements,(03814) 7661912
Baxter Gould,(0942) 54212665
Aurelia Castro,(05468) 3613910
Ina Pierce,(018) 47522105
Jackson Cote,(0746) 49840347
Regan Peck,(034472) 292318
Ingrid Mckay,(034338) 365734
Alexandra Chaney,(0795) 46982263
Uriah Cardenas,(033956) 812321
Alvin Chandler,(033325) 288463
Price Grant,(07324) 9167849
Belle Gross,(07617) 8851359
Jescie Paul,(024) 04526616
Jakeem Hines,(017) 76326593
Zenaida Ferrell,(064) 44741904
Elmo Woods,(012) 95882387
Lee Davis,(094) 28547534
Fredericka Poole,(0486) 43662425
Kylynn Wheeler,(0412) 37646674
Edan Phelps,(04305) 3235859
Reuben Pollard,(019) 68916685
Kiona Bowen,(06631) 5211330
April Hicks,(0758) 84973713
Tyler Durham,(03855) 3203024
Stacey Bush,(097) 95386913
Portia Mckenzie,(01744) 1253314
Alfonso Byers,(092) 18986705
Maryam Cardenas,(0705) 46188444
Yvonne Cain,(0133) 13821314
Tyler Gallegos,(0501) 82425928
Orson Fletcher,(005) 18522053
Kareem Hubbard,(07982) 1279767
Katelyn Wolf,(037341) 274574
Ebony Valencia,(036562) 357808
Sophia Padilla,(032312) 442615
Wanda Young,(05164) 0276233
Ezra Sawyer,(03037) 5157766
Athena Anthony,(07711) 2644407
Rebekah Black,(098) 33865169
Kenyon Mcguire,(036187) 286554
Macaulay Carr,(032428) 344258
Aquila Cash,(088) 15261983
Blaze Bolton,(07615) 4092746
Mercedes Heath,(0844) 75682816
Lacy Finch,(034223) 247415
Harrison Clark,(029) 63511433
Gavin Higgins,(076) 13684151
Cruz Marsh,(033534) 348194
Illana Rogers,(0718) 44436187
Zena Stewart,(04674) 6367313
Emerson Delgado,(04637) 5554651
Macaulay Preston,(024) 48147885
Maxwell Pollard,(032) 44886443
Lani Cain,(04224) 8623400
Candice Harvey,(039784) 211110
Demetria Mendez,(0578) 13168126
Adrian Rodriquez,(0636) 32904597
MacKensie Bennett,(03861) 4629442
Iliana Alvarez,(038215) 475628
Kenneth Poole,(037523) 144521
Robin Cameron,(02444) 4713504
Jenna Gross,(036272) 588887
Sacha Barr,(034158) 508871
Shelley Mcdaniel,(068) 84368657
Jakeem Dunlap,(039008) 847473
Amethyst Schultz,(033663) 123056
Jade Macias,(037629) 305760
Dante Lester,(030404) 532208
Deacon Richards,(033859) 123844
Robin Russo,(03240) 2517848
Hyatt Clay,(01862) 4785848
Grady Rose,(042) 07792736
Timon Alvarado,(09445) 9387928
Ivor Gibson,(0267) 58189670
Alyssa King,(079) 56747612
Aiko Wooten,(0813) 52576444
Lacey Hampton,(036450) 849638
Stephen Hardy,(076) 64316420
Cadman Woodward,(0681) 04798123
Clark Chambers,(035806) 100280
Zena Hunter,(038274) 479318
Libby Singleton,(08436) 4953288
Kenneth Richard,(07541) 1448158
Martin Best,(06411) 6334285
Ifeoma Chaney,(037851) 441675
Cadman Powell,(026) 71744277
Myra Maynard,(0217) 24687224
Irma Maynard,(059) 51763187
Zeph Rios,(035817) 643564
Megan Carney,(067) 98521362
Tyler Delacruz,(013) 32411357
Ainsley Lancaster,(088) 18465508
Hedy Johns,(02608) 9533845
Lynn Ferguson,(06467) 8828568
Davis Briggs,(0214) 76631752
Ignatius Stanton,(035198) 135351
Daphne Monroe,(05550) 7013323
Solomon Petersen,(081) 80977899
Marvin Acevedo,(0036) 76241332
Urielle Ryan,(09633) 1252867
Denton Garrett,(06221) 4742730
Olga Vaughn,(034022) 940551
Jenna Marshall,(044) 07016551
Joy Marquez,(0176) 81536866
Odessa Levy,(0274) 96534028
Jolene Decker,(08864) 8606813
May Oneal,(05289) 3010723
Gabriel Richmond,(0341) 24746497
Elijah Russo,(0022) 64911282
Lars Donovan,(09422) 5548633
Camilla Valencia,(014) 82188236
Sybil Castillo,(038029) 169027
Kelsie Kinney,(016) 54722144
Liberty Rivera,(034188) 236431
Rooney Hendricks,(0657) 78751977
Ciara Roman,(0299) 61767749
Cheyenne Langley,(0541) 11744701
Imelda Barnett,(035827) 477189
Coby Michael,(012) 36784284
Leo Jackson,(0188) 26786862
Alika Cantu,(0956) 11703512
Olivia Weaver,(074) 80212633
Gregory Cash,(08213) 1294304
Levi Tanner,(0085) 21144669
Malcolm Andrews,(0711) 35612074
Basil Yang,(04588) 6901836
Mufutau Nichols,(0428) 22762435
Vera Knapp,(0721) 73338526
Angelica George,(0828) 20737897
Lunea Ware,(08446) 4663345
Sade Noel,(0267) 63138966
Kyla Wilkerson,(034487) 466339
Zephania Bond,(031032) 585391
Knox Molina,(00681) 2173484
Susan Dotson,(030711) 545223
Brenna Conley,(030535) 505257
Virginia Miranda,(0829) 87473021
Amelia Hayden,(0105) 44315548
Echo Knapp,(039596) 464182
Nigel Jimenez,(0095) 89982568
Gregory Nielsen,(035645) 677644
Wade Johnson,(01177) 8040466
Colt Patel,(0483) 58521265
Moana Barnett,(08717) 1570198
Alea Rios,(037112) 352877
Charlotte Greer,(07716) 4507646
Eleanor Owen,(0687) 16699087
George Roberson,(04778) 8681626
Dieter Moody,(02255) 7657570
Britanni Shelton,(09875) 3067871
Lillian Little,(034430) 021382
Calista Bruce,(0638) 72615643
Serena Bullock,(02647) 4821614
Gage Ford,(076) 65017664
Castor Shannon,(019) 07895526
Gary Mccullough,(070) 18622395
Buffy Gilliam,(05108) 7575630
Dexter Holt,(039142) 647295
Sonya Workman,(055) 84858148
Theodore Crawford,(07756) 6238731
Kennedy Simmons,(0934) 14286528
Dahlia Bowman,(039774) 789493
Zachery Hardin,(086) 62420474
Yvonne Rice,(08687) 6668433
Henry Dixon,(04451) 4458448
Claudia Giles,(037158) 715614
Kristen Black,(040) 13722048
Yeo Franklin,(0748) 34633350
Burke Nelson,(0542) 28637445
Jenna Griffin,(02380) 0664838
Kadeem House,(0333) 12824711
Maryam Kelly,(0531) 63073501
Carl Harrington,(04455) 2249323
Xander Macias,(038447) 803387
Yoshi Decker,(095) 52484384
Ulric Nixon,(07284) 6203555
Luke Mccormick,(04588) 2641561
Brett Lang,(0153) 53583541
Scott Rush,(034187) 051143
Giselle Castaneda,(0458) 95845183
Kenyon Tyler,(094) 91907211
Kimberly Wolfe,(035261) 403543
Shaeleigh Keith,(08013) 5684975
Ila Salinas,(037772) 511283
Murphy Pugh,(06418) 1102515
Rigel Farrell,(035230) 915471
Galvin Vargas,(036564) 168847
Rama Silva,(055) 07356058
Olga Bean,(063) 85116185
Dillon Santos,(0101) 77146347
Kibo Workman,(043) 93253443
Aladdin Nelson,(032872) 556100
Lillith Livingston,(07336) 3376232
Aidan Serrano,(087) 26646785
Kalia Sandoval,(0502) 14545256
Cullen Ingram,(0755) 50206215
Laith Melendez,(05623) 3096725
Philip Gross,(0394) 63758822
Cassady Jennings,(036467) 175983
Angela Henson,(003) 68736435
Maxwell Allison,(037) 41867064
Brenda Solomon,(06728) 1863854
Edward Rocha,(0381) 58786468
Jane York,(032) 13649026
Maris Knowles,(039755) 154637
Branden Donaldson,(036567) 823181
Uta Wiggins,(028) 02612821
Leigh Roberts,(02512) 4113321
Craig Sellers,(035963) 345531
Robin Guthrie,(03984) 4656818
Mufutau Velasquez,(0706) 51358683
Rebecca Bradley,(032660) 153083
Hilel Russo,(0312) 96819824
Simon Day,(037156) 244425
Darius Cameron,(08638) 3745583
Daria Sloan,(039363) 786644
Petra Bonner,(00333) 4299610
Ciara Wyatt,(089) 75813544
Nigel Dennis,(01985) 4562585
Bethany Vaughan,(038137) 628697
Emery Daniel,(0105) 67854538
Xandra Morrow,(035276) 557754
Marsden Barker,(0368) 77940633
Phillip Klein,(032253) 249364
Christen Hunter,(036847) 736114
Drake Ortiz,(07321) 2435777
Ivy Christensen,(07074) 7827846
Patricia Gibson,(0382) 92493595
Chantale Ramsey,(038754) 695812
Axel Kelly,(0219) 22431712
Chiquita Drake,(071) 64984841
Dolan Brooks,(023) 20657638
Sage Moore,(0444) 23540412
Audra Avery,(088) 48432615
Dante Mcguire,(06430) 9355413
Sebastian Mclean,(082) 18337664
Harper Rios,(086) 87503748
Deacon Mckenzie,(038306) 075877
Elliott Rollins,(0228) 90886089
Austin Stone,(05341) 3060830
Jeremy Nash,(0425) 78532468
Nissim Edwards,(063) 26562517
Odysseus Whitaker,(034362) 468488
Susan Rasmussen,(0272) 52239857
Jermaine Estrada,(030782) 209427
Leonard Wise,(0462) 76506272
Yeo Montoya,(008) 73631483
Joy Mckee,(078) 17156891
Fallon Browning,(0325) 53008557
Griffith Bentley,(016) 64142774
Tanya Ballard,(032541) 827156
Camilla Pennington,(068) 70356482
Alyssa Swanson,(0395) 42407761
